[
  {
    "match_id": 101,
    "sport": "Football",
    "team1": "Arsenal",
    "team2": "Chelsea",
    "league": "Premier League",
    "start_time": "2023-09-12T19:45:00Z",
    "bookmaker_odds": 2.1,
    "bet_type": "home_win"
  },
  {
    "match_id": 102,
    "sport": "Basketball",
    "team1": "Lakers",
    "team2": "Celtics",
    "league": "NBA",
    "start_time": "2023-09-12T23:00:00Z",
    "bookmaker_odds": 1.8,
    "bet_type": "away_win"
  },
  {
    "match_id": 103,
    "sport": "Tennis",
    "team1": "Djokovic",
    "team2": "Nadal",
    "league": "Grand Slam",
    "start_time": "2023-09-13T14:00:00Z",
    "bookmaker_odds": 2.5,
    "bet_type": "player1_win"
  },
  {
    "match_id": 104,
    "sport": "Hockey",
    "team1": "Maple Leafs",
    "team2": "Canadiens",
    "league": "NHL",
    "start_time": "2023-09-13T18:30:00Z",
    "bookmaker_odds": 1.95,
    "bet_type": "home_win"
  },
  {
    "match_id": 105,
    "sport": "Baseball",
    "team1": "Yankees",
    "team2": "Red Sox",
    "league": "MLB",
    "start_time": "2023-09-14T17:15:00Z",
    "bookmaker_odds": 2.25,
    "bet_type": "away_win"
  }
] 